Test Case,Step Count
TC-1,5
TC-2,5
TC-3,5
TC-4,5
TC-5,5
TC-6,5
TC-7,5
TC-8,5
TC-9,5
TC-10,5
TC-11,5
TC-12,5
TC-13,5
TC-14,5
TC-15,5
TC-16,5
TC-17,5
TC-18,5
TC-19,5
TC-20,5
TC-21,5
TC-22,5
TC-23,5
TC-24,5
TC-25,5
TC-26,5
TC-27,5
TC-28,5
TC-29,5
TC-30,5
TC-31,5
TC-32,5
TC-33,5
TC-34,5
TC-35,5
TC-36,5
TC-37,5
TC-38,5
TC-39,5
TC-40,5
TC-41,5
TC-42,5
TC-43,5
TC-44,5
TC-45,5
TC-46,5
TC-47,5
TC-48,5
TC-49,5
TC-50,5
TC-51,5
TC-52,5
TC-53,5
TC-54,5
TC-55,5
TC-56,5
TC-57,5
TC-58,5
TC-59,5
TC-60,5
TC-61,5
TC-62,5
TC-63,5
TC-64,5
TC-65,5
TC-66,5
TC-67,5
TC-68,5
TC-69,5
TC-70,5
TC-71,5
TC-72,5
TC-73,5
TC-74,5
TC-75,5
TC-76,5
TC-77,5
TC-78,5
TC-79,5
TC-80,5
TC-81,5
TC-82,5
TC-83,5
TC-84,5
TC-85,5
TC-86,5
TC-87,5
TC-88,5
TC-89,5
TC-90,5
TC-91,5
TC-92,5
TC-93,5
TC-94,5
TC-95,5
TC-96,5
TC-97,5
TC-98,5
TC-99,5
TC-100,5
TC-101,5
TC-102,5
TC-103,5
TC-104,5
TC-105,5
TC-106,5
TC-107,5
TC-108,5
TC-109,5
TC-110,5
TC-111,5
TC-112,5
TC-113,5
TC-114,5
TC-115,5
TC-116,5
TC-117,5
TC-118,5
TC-119,5
TC-120,5
TC-121,5
TC-122,5
TC-123,5
TC-124,5
TC-125,5
TC-126,5
TC-127,5
TC-128,5
TC-129,5
TC-130,5
TC-131,5
TC-132,5
TC-133,5
TC-134,5
TC-135,5
TC-136,5
TC-137,5
TC-138,5
TC-139,5
TC-140,5
TC-141,5
TC-142,5
TC-143,5
TC-144,5
TC-145,5
TC-146,5
TC-147,5
TC-148,5
TC-149,5
TC-150,5
TC-151,5
TC-152,5
TC-153,5
TC-154,5
TC-155,5
TC-156,5
TC-157,5
TC-158,5
TC-159,5
TC-160,5
TC-161,5
TC-162,5
TC-163,5
TC-164,5
TC-165,5
TC-166,5
TC-167,5
TC-168,5
TC-169,5
TC-170,5
TC-171,5
TC-172,5
TC-173,5
TC-174,5
TC-175,5
TC-176,5
TC-177,5
TC-178,5
TC-179,5
TC-180,5
TC-181,5
TC-182,5
TC-183,5
TC-184,5
TC-185,5
TC-186,5
TC-187,5
TC-188,5
TC-189,5
TC-190,5
TC-191,5
TC-192,5
TC-193,5
TC-194,5
TC-195,5
TC-196,5
TC-197,5
TC-198,5
TC-199,5
TC-200,5
TC-201,5
TC-202,5
TC-203,5
TC-204,5
TC-205,5
TC-206,5
TC-207,5
TC-208,5
TC-209,5
TC-210,5
TC-211,5
TC-212,5
TC-213,5
TC-214,5
TC-215,5
TC-216,5
TC-217,5
TC-218,5
TC-219,5
TC-220,5
TC-221,5
TC-222,5
TC-223,5
TC-224,5
TC-225,5
TC-226,5
TC-227,5
TC-228,5
TC-229,5
TC-230,5
TC-231,5
TC-232,5
TC-233,5
TC-234,5
TC-235,5
TC-236,5
TC-237,5
TC-238,5
TC-239,5
TC-240,5
TC-241,5
TC-242,5
TC-243,5
TC-244,5
TC-245,5
TC-246,5
TC-247,5
TC-248,5
TC-249,5
TC-250,5
TC-251,5
TC-252,5
TC-253,5
TC-254,5
TC-255,5
TC-256,5
TC-257,5
TC-258,5
TC-259,5
TC-260,5
TC-261,5
TC-262,5
TC-263,5
TC-264,5
TC-265,5
TC-266,5
TC-267,5
TC-268,5
TC-269,5
TC-270,5
TC-271,5
TC-272,5
TC-273,5
TC-274,5
TC-275,5
TC-276,5
TC-277,5
TC-278,5
TC-279,5
TC-280,5
TC-281,5
TC-282,5
TC-283,5
TC-284,5
TC-285,5
TC-286,5
TC-287,5
TC-288,5
TC-289,5
TC-290,5
TC-291,5
TC-292,5
TC-293,5
TC-294,5
TC-295,5
TC-296,5
TC-297,5
TC-298,5
TC-299,5
TC-300,5
TC-301,5
TC-302,5
TC-303,5
TC-304,5
TC-305,5
TC-306,5
TC-307,5
TC-308,5
TC-309,5
TC-310,5
TC-311,5
TC-312,5
TC-313,5
TC-314,5
TC-315,5
TC-316,5
TC-317,5
TC-318,5
TC-319,5
TC-320,5
TC-321,5
TC-322,5
TC-323,5
TC-324,5
TC-325,5
TC-326,5
TC-327,5
TC-328,5
TC-329,5
TC-330,5
TC-331,5
TC-332,5
TC-333,5
TC-334,5
TC-335,5
TC-336,5
TC-337,5
TC-338,5
TC-339,5
TC-340,5
TC-341,5
TC-342,5
TC-343,5
TC-344,5
TC-345,5
TC-346,5
TC-347,5
TC-348,5
TC-349,5
TC-350,5
TC-351,5
TC-352,5
TC-353,5
TC-354,5
TC-355,5
TC-356,5
TC-357,5
TC-358,5
TC-359,5
TC-360,5
TC-361,5
TC-362,5
TC-363,5
TC-364,5
TC-365,5
TC-366,5
TC-367,5
TC-368,5
TC-369,5
TC-370,5
TC-371,5
TC-372,5
TC-373,5
TC-374,5
TC-375,5
TC-376,5
TC-377,5
TC-378,5
TC-379,5
TC-380,5
TC-381,5
TC-382,5
TC-383,5
TC-384,5
TC-385,5
TC-386,5
TC-387,5
TC-388,5
TC-389,5
TC-390,5
TC-391,5
TC-392,5
TC-393,5
TC-394,5
TC-395,5
TC-396,5
TC-397,5
TC-398,5
TC-399,5
TC-400,5
TC-401,5
TC-402,5
TC-403,5
TC-404,5
TC-405,5
TC-406,5
TC-407,5
TC-408,5
TC-409,5
TC-410,5
TC-411,5
TC-412,5
TC-413,5
TC-414,5
TC-415,5
TC-416,5
TC-417,5
TC-418,5
TC-419,5
TC-420,5
TC-421,5
TC-422,5
TC-423,5
TC-424,5
TC-425,5
TC-426,5
TC-427,5
TC-428,5
TC-429,5
TC-430,5
TC-431,5
TC-432,5
TC-433,5
TC-434,5
TC-435,5
TC-436,5
TC-437,5
TC-438,5
TC-439,5
TC-440,5
TC-441,5
TC-442,5
TC-443,5
TC-444,5
TC-445,5
TC-446,5
TC-447,5
TC-448,5
TC-449,5
TC-450,5
TC-451,5
TC-452,5
TC-453,5
TC-454,5
TC-455,5
TC-456,5
TC-457,5
TC-458,5
TC-459,5
TC-460,5
TC-461,5
TC-462,5
TC-463,5
TC-464,5
TC-465,5
TC-466,5
TC-467,5
TC-468,5
TC-469,5
TC-470,5
TC-471,5
TC-472,5
TC-473,5
TC-474,5
TC-475,5
TC-476,5
TC-477,5
TC-478,5
TC-479,5
TC-480,5
TC-481,5
TC-482,5
TC-483,5
TC-484,5
TC-485,5
TC-486,5
TC-487,5
TC-488,5
TC-489,5
TC-490,5
TC-491,5
TC-492,5
TC-493,5
TC-494,5
TC-495,5
TC-496,5
TC-497,5
TC-498,5
TC-499,5
TC-500,5